id,timestamp,x,y,z,vx,vy,vz,roll,pitch,yaw,altitude,ground_speed,vertical_speed,battery_pct,battery_voltage,battery_current,armed,flight_mode
1,2026-09-29T13:03:29.843288Z,0.0,3.5,25.05,0.0,0.0,0.56,0.0,1.5,180.0,3.5,0.56,0.0,86.5,24.02,13.0,0,MANUAL
2,2026-09-29T13:06:58.937106Z,0.0,3.5,25.29,0.0,0.0,0.0,0.0,0.0,180.0,3.5,0.0,0.0,86.5,24.03,12.6,0,MANUAL
3,2026-09-29T13:06:59.435245Z,0.0,3.5,25.29,0.0,0.0,0.0,0.0,0.0,180.0,3.5,0.0,0.0,86.5,24.03,12.6,0,MANUAL
4,2026-09-29T13:06:59.967525Z,0.0,3.5,25.29,0.0,0.0,0.0,0.0,0.0,180.0,3.5,0.0,0.0,86.4,24.03,12.6,0,MANUAL
5,2026-09-29T13:07:00.462793Z,0.0,3.5,25.29,0.0,0.0,0.0,0.0,0.0,180.0,3.5,0.0,0.0,86.4,24.03,12.6,0,MANUAL
6,2026-09-29T13:07:00.965814Z,0.0,3.5,25.29,0.0,0.0,0.0,0.0,0.0,180.0,3.5,0.0,0.0,86.4,24.03,12.6,0,MANUAL
7,2026-09-29T13:07:01.493800Z,0.0,3.5,25.29,0.0,0.0,0.0,0.0,0.0,180.0,3.5,0.0,0.0,86.4,24.03,12.6,0,MANUAL
8,2026-09-29T13:07:02.022410Z,0.0,3.5,25.29,0.0,0.0,0.0,0.0,0.0,180.0,3.5,0.0,0.0,86.4,24.02,12.6,0,MANUAL
9,2026-09-29T13:07:02.532910Z,0.0,3.5,25.29,0.0,0.0,0.0,0.0,0.0,180.0,3.5,0.0,0.0,86.4,24.02,12.6,0,MANUAL
10,2026-09-29T13:07:03.045490Z,0.0,3.5,25.29,0.0,0.0,0.0,0.0,0.0,180.0,3.5,0.0,0.0,86.3,24.02,12.6,0,MANUAL
11,2026-09-29T13:07:03.574579Z,0.0,3.5,25.29,0.0,0.0,0.0,0.0,0.0,180.0,3.5,0.0,0.0,86.3,24.02,12.6,0,MANUAL
12,2026-09-29T13:07:04.087892Z,0.0,3.5,25.29,0.0,0.0,0.0,0.0,0.0,180.0,3.5,0.0,0.0,86.3,24.02,12.6,0,MANUAL
13,2026-09-29T13:07:04.616197Z,0.0,3.5,25.29,0.0,0.0,0.0,0.0,0.0,180.0,3.5,0.0,0.0,86.3,24.02,12.6,0,MANUAL
14,2026-09-29T13:07:05.150020Z,0.0,3.5,25.29,0.0,0.0,0.0,0.0,0.0,180.0,3.5,0.0,0.0,86.3,24.02,12.6,0,MANUAL
15,2026-09-29T13:07:05.665364Z,0.0,3.5,25.29,0.0,0.0,0.0,0.0,0.0,180.0,3.5,0.0,0.0,86.2,24.02,12.6,0,MANUAL
16,2026-09-29T13:07:06.193693Z,0.0,3.5,25.29,0.0,0.0,0.0,0.0,0.0,180.0,3.5,0.0,0.0,86.2,24.02,12.6,0,MANUAL
17,2026-09-29T13:07:06.679609Z,0.0,3.5,25.29,0.0,0.0,0.0,0.0,0.0,180.0,3.5,0.0,0.0,86.2,24.02,12.6,0,MANUAL
18,2026-09-29T13:07:07.207845Z,0.0,3.5,25.29,0.0,0.0,0.0,0.0,0.0,180.0,3.5,0.0,0.0,86.2,24.01,12.6,0,MANUAL
19,2026-09-29T13:07:07.747761Z,0.0,3.5,25.29,0.0,0.0,0.0,0.0,0.0,180.0,3.5,0.0,0.0,86.2,24.01,12.6,0,MANUAL
20,2026-09-29T13:07:08.265355Z,0.0,3.5,25.29,0.0,0.0,0.0,0.0,0.0,180.0,3.5,0.0,0.0,86.2,24.01,12.6,0,MANUAL
21,2026-09-29T13:07:08.780431Z,0.0,3.5,25.29,0.0,0.0,0.0,0.0,0.0,180.0,3.5,0.0,0.0,86.1,24.01,12.6,0,MANUAL
22,2026-09-29T13:07:09.323815Z,0.0,3.5,25.29,0.0,0.0,0.0,0.0,0.0,180.0,3.5,0.0,0.0,86.1,24.01,12.6,0,MANUAL
23,2026-09-29T13:07:09.832924Z,0.0,3.5,25.29,0.0,0.0,0.0,0.0,0.0,180.0,3.5,0.0,0.0,86.1,24.01,12.6,0,MANUAL
24,2026-09-29T13:07:10.370954Z,0.0,3.5,25.29,0.0,0.0,0.0,0.0,0.0,180.0,3.5,0.0,0.0,86.1,24.01,12.6,0,MANUAL
25,2026-09-29T13:07:10.899346Z,0.0,3.5,25.29,0.0,0.0,0.0,0.0,0.0,180.0,3.5,0.0,0.0,86.1,24.01,12.6,0,MANUAL
26,2026-09-29T13:07:11.410696Z,0.0,3.5,25.29,0.0,0.0,0.0,0.0,0.0,180.0,3.5,0.0,0.0,86.0,24.01,12.6,0,MANUAL
27,2026-09-29T13:07:11.922470Z,0.0,3.5,25.29,0.0,0.0,0.0,0.0,0.0,180.0,3.5,0.0,0.0,86.0,24.01,12.6,0,MANUAL
28,2026-09-29T13:07:12.440728Z,0.0,3.5,25.29,0.0,0.0,0.0,0.0,0.0,180.0,3.5,0.0,0.0,86.0,24.0,12.6,0,MANUAL
29,2026-09-29T13:07:12.940954Z,0.0,3.5,25.29,0.0,0.0,0.0,0.0,0.0,180.0,3.5,0.0,0.0,86.0,24.0,12.6,0,MANUAL
30,2026-09-29T13:07:13.442898Z,0.0,3.5,25.29,0.0,0.0,0.0,0.0,0.0,180.0,3.5,0.0,0.0,86.0,24.0,12.6,0,MANUAL
31,2026-09-29T13:07:13.943090Z,0.0,3.5,25.29,0.0,0.0,0.0,0.0,0.0,180.0,3.5,0.0,0.0,86.0,24.0,12.6,0,MANUAL
32,2026-09-29T13:07:14.476449Z,0.0,3.5,25.29,0.0,0.0,0.0,0.0,0.0,180.0,3.5,0.0,0.0,85.9,24.0,12.6,0,MANUAL
33,2026-09-29T13:07:14.977532Z,0.0,3.5,25.29,0.0,0.0,0.0,0.0,0.0,180.0,3.5,0.0,0.0,85.9,24.0,12.6,0,MANUAL
34,2026-09-29T13:07:15.494669Z,0.0,3.5,25.29,0.0,0.0,0.0,0.0,0.0,180.0,3.5,0.0,0.0,85.9,24.0,12.6,0,MANUAL
35,2026-09-29T13:07:16.015341Z,0.0,3.5,25.29,0.0,0.0,0.0,0.0,0.0,180.0,3.5,0.0,0.0,85.9,24.0,12.6,0,MANUAL
36,2026-09-29T13:07:16.533713Z,0.0,3.5,25.29,0.0,0.0,0.0,0.0,0.0,180.0,3.5,0.0,0.0,85.9,24.0,12.6,0,MANUAL
37,2026-09-29T13:07:17.032790Z,0.0,3.5,25.29,0.0,0.0,0.0,0.0,0.0,180.0,3.5,0.0,0.0,85.8,24.0,12.6,0,MANUAL
38,2026-09-29T13:07:17.536858Z,0.0,3.5,25.29,0.0,0.0,0.0,0.0,0.0,180.0,3.5,0.0,0.0,85.8,23.99,12.6,0,MANUAL
39,2026-09-29T13:07:18.037749Z,0.0,3.5,25.29,0.0,0.0,0.0,0.0,0.0,180.0,3.5,0.0,0.0,85.8,23.99,12.6,0,MANUAL
40,2026-09-29T13:07:18.572780Z,0.0,3.5,25.29,0.0,0.0,0.0,0.0,0.0,180.0,3.5,0.0,0.0,85.8,23.99,12.6,0,MANUAL
41,2026-09-29T13:07:19.092613Z,0.0,3.5,25.29,0.0,0.0,0.0,0.0,0.0,180.0,3.5,0.0,0.0,85.8,23.99,12.6,0,MANUAL
42,2026-09-29T13:07:19.622272Z,0.0,3.5,25.29,0.0,0.0,0.0,0.0,0.0,180.0,3.5,0.0,0.0,85.7,23.99,12.6,0,MANUAL
43,2026-09-29T13:07:20.143964Z,0.0,3.5,25.29,0.0,0.0,0.0,0.0,0.0,180.0,3.5,0.0,0.0,85.7,23.99,12.6,0,MANUAL
44,2026-09-29T13:07:20.642871Z,0.0,3.5,25.29,0.0,0.0,0.0,0.0,0.0,180.0,3.5,0.0,0.0,85.7,23.99,12.6,0,MANUAL
45,2026-09-29T13:07:21.130267Z,0.0,3.5,25.29,0.0,0.0,0.0,0.0,0.0,180.0,3.5,0.0,0.0,85.7,23.99,12.6,0,MANUAL
46,2026-09-29T13:07:21.641503Z,0.0,3.5,25.29,0.0,0.0,0.0,0.0,0.0,180.0,3.5,0.0,0.0,85.7,23.99,12.6,0,MANUAL
47,2026-09-29T13:07:22.143007Z,0.0,3.5,25.29,0.0,0.0,0.0,0.0,0.0,180.0,3.5,0.0,0.0,85.7,23.99,12.6,0,MANUAL
48,2026-09-29T13:07:22.627833Z,0.0,3.5,25.29,0.0,0.0,0.0,0.0,0.0,180.0,3.5,0.0,0.0,85.6,23.98,12.6,0,MANUAL
49,2026-09-29T13:07:23.129304Z,0.0,3.5,25.29,0.0,0.0,0.0,0.0,0.0,180.0,3.5,0.0,0.0,85.6,23.98,12.6,0,MANUAL
50,2026-09-29T13:07:23.641322Z,0.0,3.5,25.29,0.0,0.0,0.0,0.0,0.0,180.0,3.5,0.0,0.0,85.6,23.98,12.6,0,MANUAL
51,2026-09-29T13:07:24.170799Z,0.0,3.5,25.29,0.0,0.0,0.0,0.0,0.0,180.0,3.5,0.0,0.0,85.6,23.98,12.6,0,MANUAL
52,2026-09-29T13:09:35.886838Z,0.0,3.5,25.0,0.0,0.0,0.0,0.0,0.0,180.0,3.5,0.0,0.0,86.5,24.03,12.6,0,MANUAL
53,2026-09-29T13:09:36.403555Z,0.0,3.5,25.0,0.0,0.0,0.0,0.0,0.0,180.0,3.5,0.0,0.0,86.5,24.03,12.6,0,MANUAL
54,2026-09-29T13:09:36.943607Z,0.0,3.5,25.0,0.0,0.0,0.0,0.0,0.0,180.0,3.5,0.0,0.0,86.5,24.03,12.6,0,MANUAL
55,2026-09-29T13:09:37.467843Z,0.0,3.5,25.0,0.0,0.0,0.0,0.0,0.0,180.0,3.5,0.0,0.0,86.4,24.03,12.6,0,MANUAL
56,2026-09-29T13:09:37.988576Z,0.0,3.5,25.0,0.0,0.0,0.0,0.0,0.0,180.0,3.5,0.0,0.0,86.4,24.03,12.6,0,MANUAL
57,2026-09-29T13:09:38.521937Z,0.0,3.5,25.0,0.0,0.0,0.0,0.0,0.0,180.0,3.5,0.0,0.0,86.4,24.03,12.6,0,MANUAL
58,2026-09-29T13:09:39.048904Z,0.0,3.5,25.0,0.0,0.0,0.0,0.0,0.0,180.0,3.5,0.0,0.0,86.4,24.03,12.6,0,MANUAL
59,2026-09-29T13:09:39.606348Z,0.0,3.5,25.18,0.0,0.0,1.13,0.0,3.6,180.0,3.5,1.13,0.0,86.4,23.99,13.4,0,MANUAL
60,2026-09-29T13:09:40.143528Z,0.0,3.5,26.43,0.0,0.0,3.46,0.0,13.3,180.0,3.5,3.46,0.0,86.3,23.93,15.2,0,MANUAL
61,2026-09-29T13:09:40.677291Z,0.0,3.5,27.94,0.0,0.0,1.41,0.0,7.3,180.0,3.5,1.41,0.0,86.3,23.98,13.6,0,MANUAL
62,2026-09-29T13:09:41.189507Z,0.0,3.85,28.1,0.0,1.64,0.0,0.0,0.1,180.0,3.85,0.0,1.64,86.3,23.87,16.7,0,MANUAL
63,2026-09-29T13:09:41.725842Z,0.0,5.18,28.1,0.0,3.0,0.0,0.0,0.0,180.0,5.18,0.0,3.0,86.3,23.75,20.1,0,MANUAL
64,2026-09-29T13:09:42.249058Z,0.0,6.14,28.1,0.0,0.45,0.0,0.0,0.0,180.0,6.14,0.0,0.45,86.2,23.98,13.7,0,MANUAL
65,2026-09-29T13:09:42.762853Z,0.0,6.15,28.1,0.0,0.0,0.0,0.0,0.0,226.8,6.15,0.0,0.0,86.2,24.02,12.6,0,MANUAL
66,2026-09-29T13:09:43.295290Z,0.0,6.15,28.1,0.0,0.0,0.0,0.0,0.0,268.6,6.15,0.0,0.0,86.2,24.02,12.6,0,MANUAL
67,2026-09-29T13:09:43.808054Z,0.0,6.15,28.1,0.0,0.0,0.0,0.0,0.0,268.6,6.15,0.0,0.0,86.2,24.01,12.6,0,MANUAL
68,2026-09-29T13:09:44.349293Z,0.0,6.15,28.1,0.0,0.0,0.0,0.0,0.0,268.6,6.15,0.0,0.0,86.2,24.01,12.6,0,MANUAL
69,2026-09-29T13:09:44.893838Z,0.0,6.15,28.1,0.0,0.0,0.0,0.0,0.0,268.6,6.15,0.0,0.0,86.1,24.01,12.6,0,MANUAL
70,2026-09-29T13:09:45.457406Z,0.0,6.15,28.1,0.0,0.0,0.0,0.0,0.0,268.6,6.15,0.0,0.0,86.1,24.01,12.6,0,MANUAL
71,2026-09-29T13:09:45.987531Z,0.0,6.15,28.1,0.0,0.0,0.0,0.0,0.0,268.6,6.15,0.0,0.0,86.1,24.01,12.6,0,MANUAL
72,2026-09-29T13:09:46.530154Z,0.0,6.15,28.1,0.0,0.0,0.0,0.0,0.0,268.6,6.15,0.0,0.0,86.1,24.01,12.6,0,MANUAL
73,2026-09-29T13:09:47.072617Z,0.0,6.15,28.1,0.0,0.0,0.0,0.0,0.0,268.6,6.15,0.0,0.0,86.1,24.01,12.6,0,MANUAL
74,2026-09-29T13:09:47.600829Z,0.0,6.15,28.1,0.0,0.0,0.0,0.0,0.0,268.6,6.15,0.0,0.0,86.1,24.01,12.6,0,MANUAL
75,2026-09-29T13:09:48.129729Z,0.0,6.15,28.1,0.0,0.0,0.0,0.0,0.0,268.6,6.15,0.0,0.0,86.0,24.01,12.6,0,MANUAL
76,2026-09-29T13:09:48.658839Z,0.0,6.15,28.1,0.0,0.0,0.0,0.0,0.0,268.6,6.15,0.0,0.0,86.0,24.01,12.6,0,MANUAL
77,2026-09-29T13:09:49.204299Z,0.0,6.15,28.1,0.0,0.0,0.0,0.0,0.0,268.6,6.15,0.0,0.0,86.0,24.0,12.6,0,MANUAL
78,2026-09-29T13:09:49.744377Z,0.0,6.15,28.1,0.0,0.0,0.0,0.0,0.0,268.6,6.15,0.0,0.0,86.0,24.0,12.6,0,MANUAL
79,2026-09-29T13:09:50.278151Z,0.0,6.15,28.1,0.0,0.0,0.0,0.0,0.0,268.6,6.15,0.0,0.0,86.0,24.0,12.6,0,MANUAL
80,2026-09-29T13:09:50.812674Z,0.0,6.15,28.1,0.0,0.0,0.0,0.0,0.0,268.6,6.15,0.0,0.0,85.9,24.0,12.6,0,MANUAL
81,2026-09-29T13:09:51.305150Z,0.0,6.15,28.1,0.0,0.0,0.0,0.0,0.0,268.6,6.15,0.0,0.0,85.9,24.0,12.6,0,MANUAL
82,2026-09-29T13:09:51.807105Z,0.0,6.15,28.1,0.0,0.0,0.0,0.0,0.0,268.6,6.15,0.0,0.0,85.9,24.0,12.6,0,MANUAL
83,2026-09-29T13:09:52.316589Z,0.0,6.15,28.1,0.0,0.0,0.0,0.0,0.0,268.6,6.15,0.0,0.0,85.9,24.0,12.6,0,MANUAL
84,2026-09-29T13:09:52.817074Z,0.0,6.15,28.1,0.0,0.0,0.0,0.0,0.0,268.6,6.15,0.0,0.0,85.9,24.0,12.6,0,MANUAL
85,2026-09-29T13:09:53.349130Z,0.0,6.15,28.1,0.0,0.0,0.0,0.0,0.0,268.6,6.15,0.0,0.0,85.8,24.0,12.6,0,MANUAL
86,2026-09-29T13:09:53.871773Z,0.0,6.15,28.1,0.0,0.0,0.0,0.0,0.0,268.6,6.15,0.0,0.0,85.8,24.0,12.6,0,MANUAL
87,2026-09-29T13:09:54.402834Z,0.0,6.15,28.1,0.0,0.0,0.0,0.0,0.0,268.6,6.15,0.0,0.0,85.8,23.99,12.6,0,MANUAL
88,2026-09-29T13:09:54.938253Z,0.0,6.15,28.1,0.0,0.0,0.0,0.0,0.0,268.6,6.15,0.0,0.0,85.8,23.99,12.6,0,MANUAL
89,2026-09-29T13:09:55.478288Z,0.0,6.15,28.1,0.0,0.0,0.0,0.0,0.0,268.6,6.15,0.0,0.0,85.8,23.99,12.6,0,MANUAL
90,2026-09-29T13:09:56.007940Z,0.0,6.15,28.1,0.0,0.0,0.0,0.0,0.0,268.6,6.15,0.0,0.0,85.8,23.99,12.6,0,MANUAL
91,2026-09-29T13:09:56.538902Z,0.0,6.15,28.1,0.0,0.0,0.0,0.0,0.0,268.6,6.15,0.0,0.0,85.7,23.99,12.6,0,MANUAL
92,2026-09-29T13:09:57.073852Z,0.0,6.15,28.1,0.0,0.0,0.0,0.0,0.0,268.6,6.15,0.0,0.0,85.7,23.99,12.6,0,MANUAL
93,2026-09-29T13:09:57.601206Z,0.0,6.15,28.1,0.0,0.0,0.0,0.0,0.0,268.6,6.15,0.0,0.0,85.7,23.99,12.6,0,MANUAL
94,2026-09-29T13:09:58.118143Z,0.0,6.15,28.1,0.0,0.0,0.0,0.0,0.0,268.6,6.15,0.0,0.0,85.7,23.99,12.6,0,MANUAL
95,2026-09-29T13:09:58.635868Z,0.0,6.15,28.1,0.0,0.0,0.0,0.0,0.0,268.6,6.15,0.0,0.0,85.7,23.99,12.6,0,MANUAL
96,2026-09-29T13:09:59.167806Z,0.0,6.15,28.1,0.0,0.0,0.0,0.0,0.0,268.6,6.15,0.0,0.0,85.6,23.99,12.6,0,MANUAL
97,2026-09-29T13:09:59.682554Z,0.0,6.15,28.1,0.0,0.0,0.0,0.0,0.0,268.6,6.15,0.0,0.0,85.6,23.98,12.6,0,MANUAL
98,2026-09-29T13:10:00.203251Z,0.0,6.15,28.1,0.0,0.0,0.0,0.0,0.0,268.6,6.15,0.0,0.0,85.6,23.98,12.6,0,MANUAL
